{
  "modelId": "loop_model_2026-01-30T20-31-41",
  "trainedAt": 1769805101288,
  "epochs": 23,
  "finalAccuracy": 0.5911894273127754,
  "bestValLoss": 0.6764911068875451,
  "numWeights": 36,
  "tradesUsed": 45399,
  "algorithm": "gradient-descent-logistic"
}