{
  "weights": {
    "trend_strength": -0.020362145090249036,
    "ob_distance": -0.002647579112790014,
    "ob_size": -0.0009957140281664201,
    "ob_age": -0.029918316294481093,
    "fvg_nearest_distance": 0.0006599602781188978,
    "fvg_size": 0.027639387034736004,
    "fvg_count": 0.013668246326446216,
    "volatility": 0.033016934160649686,
    "rsi_value": -0.029183493082922,
    "atr_value": -0.019011729535332488,
    "price_position": -0.009140320100295127,
    "distance_to_high": 0.009351950409894514,
    "distance_to_low": 0.029167370095194243,
    "volume_ratio": 0.011541875819662206,
    "confluence_score": 0.004058244712167,
    "potential_rr": -0.014238419615708127,
    "trend_direction_down": -0.09910772415454566,
    "trend_direction_up": -0.051399634243415496,
    "ob_type_bear": 0.025119811291142248,
    "ob_type_none": -0.01738283586289687,
    "ob_type_bull": -0.07156085537697911,
    "fvg_type_bear": 0.06251733208571895,
    "fvg_type_bull": -0.08973912932467859,
    "fvg_type_mixed": -0.07987113544621881,
    "ema_trend_down": -0.039657374711447514,
    "ema_trend_up": -0.0008275789089694705,
    "rsi_state_oversold": -0.07174497073813671,
    "rsi_state_neutral": -0.01731709776796907,
    "rsi_state_overbought": -0.0014735501203622314,
    "direction_short": -0.08824604032825792,
    "direction_long": 0.014521221044734623,
    "session_asian": -0.04208379822664304,
    "session_overlap": -0.08706674218998622,
    "session_newyork": 0.016908968174407454,
    "session_london": -0.010529702640503917,
    "session_off-hours": 0.018262987019665302
  },
  "bias": -0.11155377689349885,
  "featureStats": {
    "trend_strength": {
      "mean": 0.31563228152414363,
      "std": 0.32651887398521523,
      "min": 0,
      "max": 1
    },
    "ob_distance": {
      "mean": 0.5323405245881575,
      "std": 0.4822257102129453,
      "min": 0,
      "max": 1
    },
    "ob_size": {
      "mean": 0.0159719792568058,
      "std": 0.034374675970760715,
      "min": 0,
      "max": 0.5196747448979593
    },
    "ob_age": {
      "mean": 15.344970951843388,
      "std": 27.175677337962355,
      "min": 0,
      "max": 100
    },
    "fvg_nearest_distance": {
      "mean": 0.306549642451148,
      "std": 0.40657183997589325,
      "min": 0,
      "max": 1
    },
    "fvg_size": {
      "mean": 0.11679807725362445,
      "std": 0.18207606917882424,
      "min": 0,
      "max": 0.5
    },
    "fvg_count": {
      "mean": 16.96420606294226,
      "std": 22.889704781403367,
      "min": 0,
      "max": 196
    },
    "volatility": {
      "mean": 0.04133460816401963,
      "std": 0.03996084619716115,
      "min": 0.0011320745962924545,
      "max": 0.5011259405723072
    },
    "rsi_value": {
      "mean": 50.64577101831529,
      "std": 17.298241966979,
      "min": 1.0928525845564963,
      "max": 100
    },
    "atr_value": {
      "mean": 121.3337887506503,
      "std": 499.93997717077974,
      "min": 0.000008457142857142877,
      "max": 6138.636428571429
    },
    "price_position": {
      "mean": 0.5011864844317095,
      "std": 0.2794507815173653,
      "min": 0,
      "max": 1
    },
    "distance_to_high": {
      "mean": 0.19209811500912616,
      "std": 0.3727333613458497,
      "min": 0,
      "max": 27.53893649193548
    },
    "distance_to_low": {
      "mean": 0.14991003929452498,
      "std": 0.15947569777248924,
      "min": 0,
      "max": 0.999974279173847
    },
    "volume_ratio": {
      "mean": 1.0169539804699081,
      "std": 0.6746382230058421,
      "min": 0.0004150851142738692,
      "max": 15.987629730042038
    },
    "confluence_score": {
      "mean": 0.7621814110153031,
      "std": 0.18555541669593517,
      "min": 0.16666666666666666,
      "max": 1
    },
    "potential_rr": {
      "mean": 2,
      "std": 1,
      "min": 2,
      "max": 2
    }
  },
  "categoricalValues": {
    "trend_direction": [
      "down",
      "up"
    ],
    "ob_type": [
      "bear",
      "none",
      "bull"
    ],
    "fvg_type": [
      "bear",
      "bull",
      "mixed"
    ],
    "ema_trend": [
      "down",
      "up"
    ],
    "rsi_state": [
      "oversold",
      "neutral",
      "overbought"
    ],
    "direction": [
      "short",
      "long"
    ],
    "session": [
      "asian",
      "overlap",
      "newyork",
      "london",
      "off-hours"
    ]
  }
}